{
    "orient": [12,6],
    "occident": [14,6],
    "peasant_house": [0,6],
    "nomad_house": [4,6],
    "denied": [5, 10],
    "peasant": [20,8],
    "citizen": [21,8],
    "patrician": [0,9],
    "noble": [1,9],
    "beggar": [4,9],
    "nomad": [2,9],
    "envoy": [3,9],
    "fish": [18,0],
    "cider": [12,1],
    "linen": [0,2],
    "spices": [11,1],
    "bread": [5,1],
    "beer": [14,1],
    "leather": [2,2],
    "books": [11,2],
    "candlestick": [14,2],
    "meat": [2,1],
    "wine": [17,1],
    "furcoats": [5,2],
    "glasses": [18,2],
    "brocade": [9,2],
    "dates": [10,1],
    "milk": [20,1],
    "carpets": [4,3],
    "coffee": [19,1],
    "necklaces": [21,2],
    "perfume": [1,3],
    "marzipan": [9,1],
    "settings": [8,16],
    "islands": [18,16],
    "arrow": [3,17],
    "minus": [17,17],
    "missing": [7,13],
    "waiting": [15, 13],
    "wood": [1,0],
    "iron_ore": [3,0],
    "iron": [4,0],
    "tools": [5,0],
    "coal": [8,0],
    "stone": [11,0],
    "potash": [12,0],
    "glass": [13,0],
    "quartz": [15,0],
    "clay": [16,0],
    "mosaic": [17,0],
    "brine": [20,0],
    "salt": [21,0],
    "cattle": [1,1],
    "wheat": [3,1],
    "flour": [4,1],
    "almonds": [6,1],
    "sugar_cane": [7,1],
    "sugar": [8,1],
    "herbs": [13,1],
    "barrels": [15,1],
    "grapes": [16,1],
    "coffee_beans": [18,1],
    "hemp": [21,1],
    "hides": [1,2],
    "furs": [4,2],
    "gold_ore": [7,2],
    "gold": [8,2],
    "paper": [10,2],
    "wax": [12,2],
    "candles": [13,2],
    "copper": [16,2],
    "brass": [17,2],
    "pearls": [20,2],
    "roses": [0,3],
    "silk": [2,3],
    "indigo": [3,3],
    "rope": [7,3],
    "weapons": [2,4],
    "war_machines": [3,4],
    "cannons": [4,4],
    "field": [0,1],
    "input": [10,17],
    "process": [7,16]
}