{
    "eco": [10,3],
    "tycoon": [11,3],
    "tech": [12,3],
    "eco_house": [4,3],
    "tycoon_house": [5,3],
    "tech_house": [6,3],
    "tycoon_worker": [16,1],
    "tycoon_employee": [20,2],
    "tycoon_engineer": [20,4],
    "tycoon_executive": [21,4],
    "eco_worker": [20,8],
    "eco_employee": [21,2],
    "eco_engineer": [21,5],
    "eco_executive": [20,5],
    "assistant": [10,10],
    "researcher": [2,9],
    "genius": [0,5],
    "SuperFlavor": [21,6],
    "Meat": [3,0],
    "TVDinner": [5,9],
    "Lobster": [0,7],
    "Truffles": [1,7],
    "LuxuryMeal": [2,7],
    "Liquor": [20,0],
    "Champagne": [4,7],
    "Grapes": [3,7],
    "RawOil": [14,5],
    "RawOil_2": [14,5],
    "RawOil_3": [14,5],
    "Toys": [6,7],
    "GoldNuggets": [7,7],
    "GoldNuggets_2": [7,7],
    "Gold": [8,7],
    "Jewelry": [9,7],
    "OmegaAcids": [10,7],
    "SecretIngredient": [11,7],
    "Pharmaceuticals": [13,7],
    "Coal": [5,0],
    "Coal_2": [5,0],
    "Steel": [12,1],
    "HeavyWeapons": [11,2],
    "Explosives": [12,2],
    "Concrete": [19,6],
    "FuleRod": [8,1],
    "Granulate": [14,9],
    "Granulate_2": [14,9],
    "Vegetables": [2,0],
    "Soy": [1,6],
    "HealthFood": [2,6],
    "Grain": [3,6],
    "Flour": [4,6],
    "ComfortFood": [5,6],
    "Tea": [19,0],
    "Fruits": [6,6],
    "Milk": [7,6],
    "HealthDrink": [8,6],
    "Communicator": [9,6],
    "Holographer": [10,6],
    "Corn": [11,6],
    "Biopolymer": [12,6],
    "HomeRobot": [13,6],
    "Wood": [0,0],
    "Glass": [1,4],
    "Algae": [9,1],
    "FunctionalFood": [17,7],
    "Caffeine": [18,7],
    "EnergyDrink": [19,7],
    "Kerosene": [3,2],
    "AdvancedWeapons": [10,2],
    "BuildingModules": [3,3],
    "BuildingModules_2": [3,3],
    "Carbon": [7,3],
    "Fish": [4,0],
    "Sugar": [5,8],
    "IronOre": [17,0],
    "IronOre_2": [17,0],
    "Iron": [7,1],
    "Tools": [1,0],
    "Copper": [6,8],
    "Copper_2": [6,8],
    "Uranium": [0,1],
    "Uranium_2": [0,1],
    "Sand": [19,2],
    "Limestone": [17,2],
    "Microchips": [7,8],
    "Microchips_2": [7,8],
    "Weapons": [9,2],
    "Oil": [7,2],
    "ManganeseNodules": [12,9],
    "RareEarths": [8,8],
    "Diamonds": [10,8],
    "Enzymes": [13,4],
    "Sponges": [13,0],
    "EnergyCells": [1,1],
    "Lithium": [10,1],
    "CoralExtract": [14,3],
    "Coral": [15,3],
    "Platinum": [6,4],
    "BioSuites": [9,15],
    "LaboratoryInstruments": [10,15],
    "Exoskeleton": [11,15],
    "NeuroImplants": [12,15],
    "missing": [7,5]
}